order_id,customer_id,product_id,order_date,product_category,quantity,unit_price,total_price
1,1102,48,2023-01-01,Electronics,3,852,2556
2,1435,61,2023-01-02,Home,3,371,1113
3,1860,81,2023-01-03,Electronics,1,1694,1694
4,1270,26,2023-01-04,Electronics,3,1922,5766
5,1106,36,2023-01-05,Books,4,1037,4148
6,1071,1,2023-01-06,Clothing,2,1325,2650
7,1700,8,2023-01-07,Home,2,131,262
8,1020,99,2023-01-08,Beauty,2,542,1084
9,1614,52,2023-01-09,Beauty,4,261,1044
10,1121,79,2023-01-10,Electronics,2,866,1732
11,1466,47,2023-01-11,Books,1,353,353
12,1214,56,2023-01-12,Books,3,620,1860
13,1330,86,2023-01-13,Beauty,4,1076,4304
14,1458,14,2023-01-14,Home,2,1774,3548
15,1087,90,2023-01-15,Clothing,1,1603,1603
16,1372,28,2023-01-16,Home,3,109,327
17,1099,87,2023-01-17,Clothing,3,825,2475
18,1871,78,2023-01-18,Beauty,4,604,2416
19,1663,88,2023-01-19,Clothing,4,884,3536
20,1130,2,2023-01-20,Books,4,1959,7836
21,1661,26,2023-01-21,Electronics,1,1683,1683
22,1308,14,2023-01-22,Electronics,1,535,535
23,1769,59,2023-01-23,Beauty,4,1234,4936
24,1343,56,2023-01-24,Books,2,252,504
25,1491,7,2023-01-25,Home,3,1758,5274
26,1413,3,2023-01-26,Books,3,1016,3048
27,1805,23,2023-01-27,Electronics,1,968,968
28,1385,18,2023-01-28,Electronics,3,1225,3675
29,1191,38,2023-01-29,Books,2,852,1704
30,1955,99,2023-01-30,Books,3,1956,5868
31,1276,15,2023-01-31,Electronics,1,1314,1314
32,1160,64,2023-02-01,Home,1,1852,1852
33,1459,89,2023-02-02,Beauty,2,662,1324
34,1313,28,2023-02-03,Beauty,2,1927,3854
35,1021,74,2023-02-04,Books,3,1204,3612
36,1252,39,2023-02-05,Beauty,3,588,1764
37,1747,57,2023-02-06,Electronics,1,994,994
38,1856,17,2023-02-07,Electronics,2,1211,2422
39,1560,86,2023-02-08,Books,2,1317,2634
40,1474,90,2023-02-09,Books,2,203,406
41,1058,44,2023-02-10,Books,3,1906,5718
42,1510,25,2023-02-11,Home,2,1219,2438
43,1681,17,2023-02-12,Beauty,1,1546,1546
44,1475,13,2023-02-13,Books,1,1321,1321
45,1699,84,2023-02-14,Clothing,3,1124,3372
46,1975,25,2023-02-15,Clothing,4,1106,4424
47,1782,68,2023-02-16,Electronics,3,506,1518
48,1189,10,2023-02-17,Beauty,4,1501,6004
49,1957,67,2023-02-18,Books,2,266,532
50,1686,18,2023-02-19,Clothing,3,608,1824
51,1957,86,2023-02-20,Beauty,1,1761,1761
52,1562,34,2023-02-21,Electronics,2,412,824
53,1875,8,2023-02-22,Home,1,1716,1716
54,1566,40,2023-02-23,Beauty,2,1541,3082
55,1243,83,2023-02-24,Beauty,3,862,2586
56,1831,42,2023-02-25,Home,4,780,3120
57,1504,41,2023-02-26,Beauty,2,576,1152
58,1130,6,2023-02-27,Electronics,4,172,688
59,1484,52,2023-02-28,Electronics,2,1264,2528
60,1818,26,2023-03-01,Home,1,681,681
61,1646,64,2023-03-02,Books,1,361,361
62,1020,98,2023-03-03,Clothing,2,1463,2926
63,1840,59,2023-03-04,Books,4,1431,5724
64,1166,56,2023-03-05,Beauty,3,344,1032
65,1273,59,2023-03-06,Clothing,3,1638,4914
66,1387,70,2023-03-07,Home,1,1460,1460
67,1600,33,2023-03-08,Home,3,1698,5094
68,1315,53,2023-03-09,Clothing,1,660,660
69,1013,22,2023-03-10,Electronics,3,1199,3597
70,1241,21,2023-03-11,Clothing,2,274,548
71,1776,70,2023-03-12,Beauty,1,208,208
72,1345,70,2023-03-13,Electronics,1,282,282
73,1564,4,2023-03-14,Home,2,291,582
74,1897,94,2023-03-15,Clothing,1,164,164
75,1339,75,2023-03-16,Books,3,1972,5916
76,1091,62,2023-03-17,Books,3,1062,3186
77,1366,62,2023-03-18,Beauty,1,1597,1597
78,1955,94,2023-03-19,Books,3,1906,5718
79,1454,95,2023-03-20,Clothing,4,1223,4892
80,1427,24,2023-03-21,Clothing,1,1667,1667
81,1508,55,2023-03-22,Books,2,963,1926
82,1775,9,2023-03-23,Clothing,4,1251,5004
83,1942,3,2023-03-24,Beauty,1,1575,1575
84,1034,31,2023-03-25,Electronics,2,468,936
85,1205,40,2023-03-26,Beauty,3,950,2850
86,1080,36,2023-03-27,Beauty,2,142,284
87,1931,24,2023-03-28,Clothing,4,1542,6168
88,1561,95,2023-03-29,Electronics,3,587,1761
89,1871,6,2023-03-30,Clothing,1,177,177
90,1387,66,2023-03-31,Home,3,925,2775
91,1001,84,2023-04-01,Clothing,1,1924,1924
92,1389,92,2023-04-02,Clothing,1,1393,1393
93,1565,75,2023-04-03,Clothing,2,773,1546
94,1105,4,2023-04-04,Electronics,2,800,1600
95,1771,79,2023-04-05,Clothing,2,858,1716
96,1821,6,2023-04-06,Electronics,4,827,3308
97,1476,94,2023-04-07,Books,4,1438,5752
98,1702,51,2023-04-08,Home,2,1024,2048
99,1401,62,2023-04-09,Electronics,4,1974,7896
100,1729,57,2023-04-10,Books,3,1001,3003
101,1555,66,2023-04-11,Electronics,3,988,2964
102,1161,79,2023-04-12,Electronics,4,1092,4368
103,1201,75,2023-04-13,Home,4,1291,5164
104,1957,8,2023-04-14,Beauty,3,438,1314
105,1995,26,2023-04-15,Beauty,1,292,292
106,1269,51,2023-04-16,Electronics,3,1576,4728
107,1862,45,2023-04-17,Clothing,3,382,1146
108,1815,44,2023-04-18,Books,4,1459,5836
109,1270,5,2023-04-19,Clothing,3,489,1467
110,1455,70,2023-04-20,Clothing,4,1099,4396
111,1461,26,2023-04-21,Electronics,4,624,2496
112,1726,68,2023-04-22,Electronics,2,1363,2726
113,1251,19,2023-04-23,Electronics,3,1955,5865
114,1701,84,2023-04-24,Electronics,1,1606,1606
115,1295,97,2023-04-25,Beauty,2,758,1516
116,1724,20,2023-04-26,Electronics,4,815,3260
117,1719,12,2023-04-27,Beauty,4,1715,6860
118,1748,47,2023-04-28,Beauty,1,990,990
119,1337,1,2023-04-29,Electronics,4,1678,6712
120,1878,90,2023-04-30,Home,3,1581,4743
121,1052,14,2023-05-01,Books,2,1212,2424
122,1791,64,2023-05-02,Clothing,4,1783,7132
123,1921,38,2023-05-03,Beauty,4,1218,4872
124,1216,37,2023-05-04,Books,1,551,551
125,1763,11,2023-05-05,Home,3,527,1581
126,1187,77,2023-05-06,Clothing,4,1274,5096
127,1379,3,2023-05-07,Clothing,1,1637,1637
128,1492,33,2023-05-08,Beauty,4,1499,5996
129,1040,6,2023-05-09,Electronics,1,1145,1145
130,1156,50,2023-05-10,Home,1,982,982
131,1014,10,2023-05-11,Beauty,3,412,1236
132,1812,5,2023-05-12,Home,4,939,3756
133,1064,23,2023-05-13,Electronics,3,618,1854
134,1856,10,2023-05-14,Electronics,1,1329,1329
135,1838,44,2023-05-15,Beauty,2,474,948
136,1520,2,2023-05-16,Electronics,4,550,2200
137,1343,13,2023-05-17,Books,2,1749,3498
138,1128,40,2023-05-18,Clothing,4,1907,7628
139,1647,2,2023-05-19,Beauty,3,1114,3342
140,1471,84,2023-05-20,Home,3,694,2082
141,1062,65,2023-05-21,Books,3,1302,3906
142,1138,63,2023-05-22,Beauty,3,1333,3999
143,1498,73,2023-05-23,Electronics,3,599,1797
144,1592,17,2023-05-24,Electronics,2,563,1126
145,1391,9,2023-05-25,Electronics,3,1963,5889
146,1674,75,2023-05-26,Electronics,1,1247,1247
147,1418,15,2023-05-27,Home,1,212,212
148,1288,24,2023-05-28,Books,2,1135,2270
149,1378,38,2023-05-29,Clothing,4,1249,4996
150,1772,35,2023-05-30,Home,1,1688,1688
151,1489,94,2023-05-31,Home,4,430,1720
152,1230,95,2023-06-01,Clothing,2,1406,2812
153,1040,49,2023-06-02,Clothing,4,239,956
154,1027,69,2023-06-03,Electronics,4,1524,6096
155,1134,62,2023-06-04,Home,4,1001,4004
156,1200,60,2023-06-05,Beauty,4,1220,4880
157,1839,50,2023-06-06,Clothing,2,616,1232
158,1779,78,2023-06-07,Clothing,1,668,668
159,1929,75,2023-06-08,Books,3,945,2835
160,1032,9,2023-06-09,Beauty,4,1192,4768
161,1047,34,2023-06-10,Beauty,1,217,217
162,1502,76,2023-06-11,Clothing,1,987,987
163,1406,99,2023-06-12,Electronics,2,1182,2364
164,1573,35,2023-06-13,Books,1,1156,1156
165,1727,1,2023-06-14,Beauty,2,1441,2882
166,1804,40,2023-06-15,Clothing,4,149,596
167,1098,64,2023-06-16,Beauty,4,1612,6448
168,1683,22,2023-06-17,Books,3,118,354
169,1871,60,2023-06-18,Books,3,825,2475
170,1725,64,2023-06-19,Home,3,296,888
171,1986,93,2023-06-20,Clothing,1,1573,1573
172,1546,72,2023-06-21,Books,4,658,2632
173,1960,11,2023-06-22,Home,2,1802,3604
174,1738,14,2023-06-23,Home,3,551,1653
175,1612,60,2023-06-24,Beauty,2,388,776
176,1942,30,2023-06-25,Beauty,2,1264,2528
177,1461,35,2023-06-26,Home,3,1207,3621
178,1642,85,2023-06-27,Beauty,4,1817,7268
179,1768,37,2023-06-28,Books,3,490,1470
180,1004,5,2023-06-29,Electronics,2,1714,3428
181,1217,83,2023-06-30,Books,3,314,942
182,1502,78,2023-07-01,Home,2,1649,3298
183,1766,26,2023-07-02,Home,2,314,628
184,1397,62,2023-07-03,Books,3,1526,4578
185,1870,4,2023-07-04,Beauty,1,227,227
186,1794,89,2023-07-05,Beauty,3,1945,5835
187,1392,42,2023-07-06,Home,1,1600,1600
188,1206,89,2023-07-07,Clothing,2,859,1718
189,1014,18,2023-07-08,Beauty,2,503,1006
190,1857,40,2023-07-09,Books,1,1152,1152
191,1553,72,2023-07-10,Beauty,2,1915,3830
192,1891,39,2023-07-11,Books,1,437,437
193,1460,14,2023-07-12,Home,1,930,930
194,1690,32,2023-07-13,Beauty,2,813,1626
195,1574,51,2023-07-14,Books,4,460,1840
196,1863,38,2023-07-15,Home,1,668,668
197,1742,97,2023-07-16,Clothing,3,1515,4545
198,1240,23,2023-07-17,Books,3,317,951
199,1563,63,2023-07-18,Clothing,2,1697,3394
200,1095,15,2023-07-19,Clothing,4,1792,7168
201,1899,97,2023-07-20,Electronics,2,301,602
202,1733,25,2023-07-21,Beauty,4,116,464
203,1484,17,2023-07-22,Books,1,421,421
204,1406,97,2023-07-23,Clothing,1,617,617
205,1230,66,2023-07-24,Electronics,1,1693,1693
206,1748,78,2023-07-25,Home,1,1448,1448
207,1654,53,2023-07-26,Books,3,1535,4605
208,1170,51,2023-07-27,Clothing,3,1441,4323
209,1540,39,2023-07-28,Beauty,2,780,1560
210,1035,51,2023-07-29,Electronics,4,1205,4820
211,1524,70,2023-07-30,Clothing,1,1597,1597
212,1159,6,2023-07-31,Beauty,1,1591,1591
213,1838,67,2023-08-01,Clothing,4,524,2096
214,1698,7,2023-08-02,Books,4,1854,7416
215,1242,51,2023-08-03,Books,2,1812,3624
216,1085,72,2023-08-04,Books,4,1327,5308
217,1795,42,2023-08-05,Electronics,1,1706,1706
218,1577,64,2023-08-06,Books,1,1118,1118
219,1681,15,2023-08-07,Beauty,1,486,486
220,1556,29,2023-08-08,Clothing,1,877,877
221,1573,33,2023-08-09,Home,1,197,197
222,1952,94,2023-08-10,Beauty,2,1468,2936
223,1645,27,2023-08-11,Beauty,1,1926,1926
224,1795,36,2023-08-12,Books,2,307,614
225,1027,29,2023-08-13,Electronics,1,1637,1637
226,1619,38,2023-08-14,Clothing,3,1759,5277
227,1555,57,2023-08-15,Electronics,3,1915,5745
228,1339,97,2023-08-16,Clothing,3,685,2055
229,1797,27,2023-08-17,Clothing,3,265,795
230,1957,55,2023-08-18,Electronics,2,121,242
231,1330,33,2023-08-19,Beauty,2,253,506
232,1639,68,2023-08-20,Clothing,4,1562,6248
233,1505,86,2023-08-21,Electronics,1,1418,1418
234,1347,66,2023-08-22,Clothing,3,318,954
235,1472,10,2023-08-23,Home,2,768,1536
236,1230,5,2023-08-24,Beauty,1,1618,1618
237,1189,74,2023-08-25,Books,1,329,329
238,1224,97,2023-08-26,Clothing,2,119,238
239,1384,38,2023-08-27,Home,3,652,1956
240,1376,13,2023-08-28,Books,4,1049,4196
241,1282,31,2023-08-29,Books,1,247,247
242,1957,47,2023-08-30,Clothing,4,1231,4924
243,1632,88,2023-08-31,Electronics,3,502,1506
244,1627,52,2023-09-01,Clothing,3,695,2085
245,1972,56,2023-09-02,Home,4,1606,6424
246,1744,15,2023-09-03,Books,3,466,1398
247,1258,29,2023-09-04,Clothing,1,1957,1957
248,1358,8,2023-09-05,Electronics,4,1537,6148
249,1709,5,2023-09-06,Clothing,3,1432,4296
250,1455,29,2023-09-07,Beauty,4,901,3604
251,1410,47,2023-09-08,Electronics,1,1017,1017
252,1648,68,2023-09-09,Home,3,1958,5874
253,1317,76,2023-09-10,Books,1,1257,1257
254,1676,45,2023-09-11,Clothing,3,1842,5526
255,1224,2,2023-09-12,Electronics,2,1406,2812
256,1818,27,2023-09-13,Beauty,3,1901,5703
257,1233,95,2023-09-14,Electronics,4,172,688
258,1683,36,2023-09-15,Beauty,3,580,1740
259,1663,36,2023-09-16,Home,1,1475,1475
260,1974,26,2023-09-17,Books,1,659,659
261,1826,43,2023-09-18,Home,3,1449,4347
262,1373,27,2023-09-19,Clothing,4,844,3376
263,1671,69,2023-09-20,Electronics,2,1566,3132
264,1607,20,2023-09-21,Beauty,4,199,796
265,1471,11,2023-09-22,Beauty,2,1182,2364
266,1232,74,2023-09-23,Electronics,1,607,607
267,1691,38,2023-09-24,Electronics,4,357,1428
268,1112,6,2023-09-25,Clothing,2,512,1024
269,1829,72,2023-09-26,Home,3,1575,4725
270,1496,23,2023-09-27,Beauty,1,1188,1188
271,1441,47,2023-09-28,Clothing,3,694,2082
272,1563,90,2023-09-29,Home,1,1277,1277
273,1267,46,2023-09-30,Clothing,4,365,1460
274,1509,12,2023-10-01,Beauty,4,920,3680
275,1806,90,2023-10-02,Electronics,1,1202,1202
276,1385,13,2023-10-03,Electronics,1,1438,1438
277,1386,62,2023-10-04,Home,1,761,761
278,1112,82,2023-10-05,Books,4,1046,4184
279,1612,89,2023-10-06,Home,2,659,1318
280,1624,97,2023-10-07,Books,3,1016,3048
281,1951,60,2023-10-08,Clothing,3,990,2970
282,1080,43,2023-10-09,Clothing,4,1371,5484
283,1698,76,2023-10-10,Beauty,3,1913,5739
284,1112,68,2023-10-11,Books,1,967,967
285,1001,5,2023-10-12,Beauty,2,709,1418
286,1641,37,2023-10-13,Electronics,3,513,1539
287,1219,72,2023-10-14,Books,2,124,248
288,1565,92,2023-10-15,Home,1,383,383
289,1854,31,2023-10-16,Electronics,3,1572,4716
290,1996,9,2023-10-17,Electronics,4,980,3920
291,1735,51,2023-10-18,Home,2,400,800
292,1224,29,2023-10-19,Electronics,1,1191,1191
293,1384,78,2023-10-20,Books,2,1130,2260
294,1402,40,2023-10-21,Beauty,3,916,2748
295,1637,41,2023-10-22,Electronics,3,1260,3780
296,1129,86,2023-10-23,Books,4,1287,5148
297,1052,11,2023-10-24,Clothing,1,182,182
298,1683,23,2023-10-25,Books,1,1773,1773
299,1729,1,2023-10-26,Beauty,4,1543,6172
300,1671,46,2023-10-27,Books,4,1196,4784
301,1709,21,2023-10-28,Home,1,1360,1360
302,1415,90,2023-10-29,Beauty,2,145,290
303,1246,36,2023-10-30,Clothing,2,717,1434
304,1835,54,2023-10-31,Home,4,1027,4108
305,1438,87,2023-11-01,Books,2,1923,3846
306,1202,57,2023-11-02,Beauty,1,361,361
307,1183,1,2023-11-03,Clothing,3,275,825
308,1122,63,2023-11-04,Home,3,1289,3867
309,1400,54,2023-11-05,Clothing,2,756,1512
310,1766,55,2023-11-06,Books,4,941,3764
311,1293,40,2023-11-07,Clothing,4,469,1876
312,1279,15,2023-11-08,Electronics,4,1918,7672
313,1836,21,2023-11-09,Home,4,153,612
314,1883,47,2023-11-10,Clothing,4,789,3156
315,1609,73,2023-11-11,Books,2,1542,3084
316,1197,53,2023-11-12,Books,3,1879,5637
317,1981,9,2023-11-13,Clothing,3,1630,4890
318,1906,74,2023-11-14,Books,2,1464,2928
319,1510,52,2023-11-15,Beauty,4,1250,5000
320,1751,57,2023-11-16,Beauty,2,1532,3064
321,1143,26,2023-11-17,Beauty,3,466,1398
322,1608,41,2023-11-18,Electronics,1,1394,1394
323,1200,35,2023-11-19,Clothing,2,743,1486
324,1123,63,2023-11-20,Electronics,4,1728,6912
325,1186,25,2023-11-21,Books,3,478,1434
326,1325,90,2023-11-22,Electronics,3,172,516
327,1463,75,2023-11-23,Books,3,1014,3042
328,1348,38,2023-11-24,Books,3,1371,4113
329,1770,2,2023-11-25,Home,4,959,3836
330,1659,7,2023-11-26,Beauty,1,1908,1908
331,1763,82,2023-11-27,Books,3,142,426
332,1954,91,2023-11-28,Home,2,476,952
333,1931,34,2023-11-29,Beauty,1,1164,1164
334,1402,91,2023-11-30,Books,3,269,807
335,1345,17,2023-12-01,Books,1,311,311
336,1962,43,2023-12-02,Electronics,2,1616,3232
337,1510,59,2023-12-03,Electronics,3,1803,5409
338,1146,51,2023-12-04,Beauty,2,138,276
339,1147,54,2023-12-05,Books,4,468,1872
340,1863,24,2023-12-06,Clothing,3,856,2568
341,1710,25,2023-12-07,Electronics,3,250,750
342,1819,71,2023-12-08,Beauty,3,1234,3702
343,1488,52,2023-12-09,Books,3,1603,4809
344,1928,70,2023-12-10,Books,4,1559,6236
345,1935,88,2023-12-11,Clothing,3,1170,3510
346,1639,33,2023-12-12,Beauty,1,1123,1123
347,1550,49,2023-12-13,Books,3,1698,5094
348,1337,29,2023-12-14,Electronics,4,836,3344
349,1871,63,2023-12-15,Clothing,3,1489,4467
350,1640,22,2023-12-16,Beauty,1,168,168
351,1778,26,2023-12-17,Clothing,4,398,1592
352,1987,28,2023-12-18,Electronics,4,1043,4172
353,1952,85,2023-12-19,Beauty,1,901,901
354,1472,49,2023-12-20,Clothing,1,395,395
355,1945,71,2023-12-21,Home,1,302,302
356,1150,81,2023-12-22,Electronics,1,160,160
357,1414,84,2023-12-23,Electronics,1,1045,1045
358,1989,49,2023-12-24,Electronics,4,1062,4248
359,1297,20,2023-12-25,Home,4,1953,7812
360,1610,86,2023-12-26,Home,3,1437,4311
361,1262,92,2023-12-27,Books,3,1284,3852
362,1763,63,2023-12-28,Clothing,2,430,860
363,1143,61,2023-12-29,Books,3,1651,4953
364,1345,49,2023-12-30,Clothing,3,437,1311
365,1623,71,2023-12-31,Home,1,1729,1729
366,1571,1,2024-01-01,Home,1,1427,1427
367,1880,96,2024-01-02,Books,3,1626,4878
368,1001,13,2024-01-03,Beauty,2,1773,3546
369,1896,94,2024-01-04,Books,1,1461,1461
370,1303,87,2024-01-05,Clothing,3,1673,5019
371,1253,51,2024-01-06,Books,3,738,2214
372,1651,56,2024-01-07,Electronics,4,374,1496
373,1452,83,2024-01-08,Clothing,2,1287,2574
374,1036,62,2024-01-09,Clothing,4,1566,6264
375,1159,32,2024-01-10,Beauty,2,418,836
376,1008,30,2024-01-11,Home,1,688,688
377,1232,29,2024-01-12,Clothing,2,603,1206
378,1098,49,2024-01-13,Home,3,1809,5427
379,1658,45,2024-01-14,Books,3,486,1458
380,1815,93,2024-01-15,Electronics,2,969,1938
381,1207,30,2024-01-16,Beauty,2,932,1864
382,1130,16,2024-01-17,Home,2,1114,2228
383,1403,40,2024-01-18,Clothing,4,702,2808
384,1151,19,2024-01-19,Home,2,1873,3746
385,1053,18,2024-01-20,Clothing,1,1899,1899
386,1119,1,2024-01-21,Home,4,790,3160
387,1672,78,2024-01-22,Clothing,4,593,2372
388,1919,47,2024-01-23,Books,2,589,1178
389,1627,66,2024-01-24,Clothing,1,820,820
390,1586,92,2024-01-25,Clothing,4,1196,4784
391,1624,94,2024-01-26,Electronics,3,608,1824
392,1967,38,2024-01-27,Clothing,4,489,1956
393,1419,51,2024-01-28,Electronics,2,1742,3484
394,1421,63,2024-01-29,Beauty,1,1980,1980
395,1103,4,2024-01-30,Electronics,2,394,788
396,1851,1,2024-01-31,Books,3,1492,4476
397,1253,8,2024-02-01,Electronics,3,895,2685
398,1226,29,2024-02-02,Beauty,3,964,2892
399,1111,55,2024-02-03,Books,2,1817,3634
400,1509,3,2024-02-04,Home,4,648,2592
401,1472,32,2024-02-05,Home,2,748,1496
402,1098,10,2024-02-06,Electronics,1,1973,1973
403,1152,74,2024-02-07,Electronics,4,667,2668
404,1860,83,2024-02-08,Beauty,3,1310,3930
405,1913,34,2024-02-09,Beauty,2,952,1904
406,1895,97,2024-02-10,Clothing,3,869,2607
407,1877,87,2024-02-11,Beauty,3,544,1632
408,1337,55,2024-02-12,Clothing,1,1693,1693
409,1705,92,2024-02-13,Books,4,462,1848
410,1821,32,2024-02-14,Electronics,1,222,222
411,1162,50,2024-02-15,Books,1,1311,1311
412,1719,7,2024-02-16,Beauty,1,841,841
413,1956,93,2024-02-17,Books,3,779,2337
414,1680,8,2024-02-18,Books,1,519,519
415,1995,65,2024-02-19,Books,1,1749,1749
416,1160,57,2024-02-20,Beauty,4,1375,5500
417,1579,67,2024-02-21,Books,4,1742,6968
418,1800,88,2024-02-22,Clothing,1,1672,1672
419,1397,87,2024-02-23,Beauty,4,1458,5832
420,1276,59,2024-02-24,Books,4,191,764
421,1815,72,2024-02-25,Beauty,1,1653,1653
422,1915,54,2024-02-26,Home,3,1989,5967
423,1503,67,2024-02-27,Clothing,1,162,162
424,1895,51,2024-02-28,Books,4,1785,7140
425,1391,97,2024-02-29,Home,3,611,1833
426,1134,92,2024-03-01,Home,2,1262,2524
427,1194,8,2024-03-02,Beauty,3,1821,5463
428,1400,34,2024-03-03,Home,4,1308,5232
429,1639,35,2024-03-04,Clothing,3,1328,3984
430,1032,96,2024-03-05,Clothing,1,871,871
431,1687,88,2024-03-06,Electronics,2,1337,2674
432,1459,78,2024-03-07,Clothing,2,355,710
433,1954,32,2024-03-08,Home,2,234,468
434,1882,46,2024-03-09,Clothing,4,1696,6784
435,1469,16,2024-03-10,Beauty,4,974,3896
436,1374,68,2024-03-11,Electronics,2,921,1842
437,1021,37,2024-03-12,Home,3,187,561
438,1749,54,2024-03-13,Electronics,2,1959,3918
439,1669,85,2024-03-14,Home,3,1087,3261
440,1037,14,2024-03-15,Beauty,3,1330,3990
441,1229,95,2024-03-16,Electronics,4,1252,5008
442,1364,55,2024-03-17,Books,3,922,2766
443,1562,48,2024-03-18,Home,2,1126,2252
444,1437,82,2024-03-19,Books,4,1073,4292
445,1775,7,2024-03-20,Electronics,1,1033,1033
446,1282,74,2024-03-21,Books,1,1877,1877
447,1026,7,2024-03-22,Books,4,220,880
448,1225,33,2024-03-23,Electronics,2,1508,3016
449,1276,23,2024-03-24,Beauty,1,1737,1737
450,1797,85,2024-03-25,Books,1,1161,1161
451,1608,19,2024-03-26,Books,3,1464,4392
452,1283,19,2024-03-27,Beauty,3,1107,3321
453,1878,36,2024-03-28,Books,2,1024,2048
454,1959,29,2024-03-29,Books,4,744,2976
455,1480,60,2024-03-30,Books,2,813,1626
456,1452,82,2024-03-31,Clothing,4,959,3836
457,1828,2,2024-04-01,Beauty,1,120,120
458,1815,1,2024-04-02,Books,3,341,1023
459,1658,47,2024-04-03,Beauty,2,554,1108
460,1515,69,2024-04-04,Home,2,1062,2124
461,1546,20,2024-04-05,Home,4,720,2880
462,1191,11,2024-04-06,Books,4,402,1608
463,1048,2,2024-04-07,Beauty,2,1719,3438
464,1511,67,2024-04-08,Beauty,4,1718,6872
465,1016,87,2024-04-09,Beauty,2,902,1804
466,1171,12,2024-04-10,Clothing,2,1063,2126
467,1219,20,2024-04-11,Home,2,168,336
468,1157,5,2024-04-12,Beauty,1,1252,1252
469,1476,37,2024-04-13,Beauty,4,295,1180
470,1045,38,2024-04-14,Clothing,3,239,717
471,1372,94,2024-04-15,Clothing,3,1567,4701
472,1517,9,2024-04-16,Beauty,4,382,1528
473,1098,98,2024-04-17,Electronics,2,411,822
474,1891,53,2024-04-18,Beauty,3,845,2535
475,1744,44,2024-04-19,Beauty,3,1658,4974
476,1036,99,2024-04-20,Clothing,4,1788,7152
477,1279,86,2024-04-21,Clothing,3,376,1128
478,1348,24,2024-04-22,Beauty,2,160,320
479,1496,81,2024-04-23,Beauty,4,1442,5768
480,1301,74,2024-04-24,Beauty,2,151,302
481,1180,30,2024-04-25,Clothing,3,1979,5937
482,1606,59,2024-04-26,Beauty,3,252,756
483,1098,87,2024-04-27,Beauty,2,1872,3744
484,1699,96,2024-04-28,Books,1,1434,1434
485,1992,81,2024-04-29,Electronics,3,1937,5811
486,1115,81,2024-04-30,Home,1,643,643
487,1190,14,2024-05-01,Electronics,3,666,1998
488,1252,9,2024-05-02,Books,1,1987,1987
489,1980,40,2024-05-03,Home,1,1512,1512
490,1927,66,2024-05-04,Beauty,1,1671,1671
491,1982,25,2024-05-05,Books,2,721,1442
492,1160,73,2024-05-06,Beauty,1,1300,1300
493,1255,22,2024-05-07,Clothing,1,1485,1485
494,1322,4,2024-05-08,Books,1,413,413
495,1127,26,2024-05-09,Clothing,3,906,2718
496,1017,58,2024-05-10,Books,1,947,947
497,1792,29,2024-05-11,Books,3,196,588
498,1734,98,2024-05-12,Clothing,1,980,980
499,1565,87,2024-05-13,Home,1,1336,1336
500,1569,37,2024-05-14,Electronics,2,928,1856
501,1322,75,2024-05-15,Beauty,3,236,708
502,1871,70,2024-05-16,Books,1,1129,1129
503,1685,18,2024-05-17,Beauty,3,1110,3330
504,1791,85,2024-05-18,Clothing,3,208,624
505,1625,42,2024-05-19,Beauty,4,646,2584
506,1287,41,2024-05-20,Clothing,2,1162,2324
507,1942,38,2024-05-21,Beauty,2,761,1522
508,1853,34,2024-05-22,Electronics,2,524,1048
509,1662,17,2024-05-23,Electronics,4,729,2916
510,1961,37,2024-05-24,Electronics,4,360,1440
511,1638,25,2024-05-25,Electronics,2,1549,3098
512,1154,76,2024-05-26,Electronics,4,186,744
513,1489,87,2024-05-27,Electronics,4,564,2256
514,1385,86,2024-05-28,Clothing,4,175,700
515,1985,85,2024-05-29,Books,2,570,1140
516,1784,27,2024-05-30,Beauty,2,513,1026
517,1103,57,2024-05-31,Electronics,2,924,1848
518,1928,31,2024-06-01,Clothing,4,994,3976
519,1392,6,2024-06-02,Clothing,2,825,1650
520,1810,91,2024-06-03,Clothing,4,556,2224
521,1245,40,2024-06-04,Books,1,1408,1408
522,1175,98,2024-06-05,Beauty,4,1362,5448
523,1038,12,2024-06-06,Books,3,1800,5400
524,1476,53,2024-06-07,Home,2,1722,3444
525,1681,71,2024-06-08,Clothing,2,752,1504
526,1758,10,2024-06-09,Home,3,771,2313
527,1537,45,2024-06-10,Electronics,4,1681,6724
528,1866,17,2024-06-11,Electronics,1,1495,1495
529,1817,26,2024-06-12,Books,3,594,1782
530,1920,85,2024-06-13,Beauty,3,1747,5241
531,1407,92,2024-06-14,Home,4,1168,4672
532,1524,62,2024-06-15,Beauty,2,1524,3048
533,1827,46,2024-06-16,Books,4,1370,5480
534,1505,64,2024-06-17,Electronics,3,1739,5217
535,1902,2,2024-06-18,Beauty,3,696,2088
536,1824,54,2024-06-19,Beauty,2,549,1098
537,1035,65,2024-06-20,Electronics,2,584,1168
538,1684,51,2024-06-21,Home,2,745,1490
539,1019,53,2024-06-22,Electronics,4,719,2876
540,1320,36,2024-06-23,Beauty,2,1141,2282
541,1775,26,2024-06-24,Home,3,1729,5187
542,1511,29,2024-06-25,Home,3,761,2283
543,1399,21,2024-06-26,Electronics,1,857,857
544,1653,11,2024-06-27,Beauty,4,388,1552
545,1971,40,2024-06-28,Books,1,1537,1537
546,1882,11,2024-06-29,Beauty,3,820,2460
547,1470,36,2024-06-30,Clothing,1,737,737
548,1142,59,2024-07-01,Books,3,334,1002
549,1091,39,2024-07-02,Home,1,515,515
550,1353,99,2024-07-03,Books,2,1037,2074
551,1833,54,2024-07-04,Home,1,598,598
552,1799,98,2024-07-05,Home,2,1073,2146
553,1726,55,2024-07-06,Books,2,733,1466
554,1958,24,2024-07-07,Home,4,1773,7092
555,1853,22,2024-07-08,Home,2,1119,2238
556,1050,69,2024-07-09,Clothing,2,214,428
557,1664,56,2024-07-10,Beauty,1,1031,1031
558,1697,33,2024-07-11,Beauty,3,773,2319
559,1574,36,2024-07-12,Clothing,4,1836,7344
560,1189,20,2024-07-13,Books,2,1357,2714
561,1124,83,2024-07-14,Electronics,4,1663,6652
562,1149,99,2024-07-15,Electronics,1,1134,1134
563,1313,81,2024-07-16,Electronics,2,305,610
564,1569,62,2024-07-17,Clothing,1,1802,1802
565,1341,98,2024-07-18,Clothing,4,346,1384
566,1304,73,2024-07-19,Home,1,1682,1682
567,1691,26,2024-07-20,Electronics,4,857,3428
568,1681,66,2024-07-21,Books,1,1250,1250
569,1837,73,2024-07-22,Books,4,246,984
570,1782,73,2024-07-23,Electronics,3,217,651
571,1053,40,2024-07-24,Electronics,1,1505,1505
572,1443,17,2024-07-25,Electronics,1,511,511
573,1612,1,2024-07-26,Clothing,3,1787,5361
574,1992,89,2024-07-27,Clothing,3,1707,5121
575,1263,61,2024-07-28,Clothing,1,462,462
576,1052,43,2024-07-29,Beauty,3,1632,4896
577,1571,42,2024-07-30,Books,2,236,472
578,1619,25,2024-07-31,Books,4,1298,5192
579,1004,39,2024-08-01,Home,4,1412,5648
580,1102,35,2024-08-02,Clothing,4,1057,4228
581,1195,3,2024-08-03,Beauty,2,1604,3208
582,1773,44,2024-08-04,Beauty,3,118,354
583,1876,51,2024-08-05,Books,3,294,882
584,1991,94,2024-08-06,Clothing,1,429,429
585,1883,98,2024-08-07,Home,3,274,822
586,1349,12,2024-08-08,Clothing,1,1101,1101
587,1046,19,2024-08-09,Electronics,2,548,1096
588,1866,44,2024-08-10,Clothing,4,1045,4180
589,1822,59,2024-08-11,Electronics,4,1477,5908
590,1935,49,2024-08-12,Electronics,4,1622,6488
591,1819,61,2024-08-13,Home,3,240,720
592,1655,17,2024-08-14,Books,1,857,857
593,1268,74,2024-08-15,Clothing,1,1029,1029
594,1369,57,2024-08-16,Electronics,2,192,384
595,1635,55,2024-08-17,Clothing,3,338,1014
596,1105,47,2024-08-18,Books,2,304,608
597,1669,12,2024-08-19,Books,1,659,659
598,1658,62,2024-08-20,Beauty,1,1556,1556
599,1656,80,2024-08-21,Books,4,344,1376
600,1119,88,2024-08-22,Home,3,931,2793
601,1830,83,2024-08-23,Electronics,1,1440,1440
602,1786,8,2024-08-24,Beauty,4,1024,4096
603,1603,95,2024-08-25,Home,3,394,1182
604,1057,21,2024-08-26,Clothing,2,739,1478
605,1950,81,2024-08-27,Electronics,3,955,2865
606,1345,87,2024-08-28,Books,3,1405,4215
607,1740,80,2024-08-29,Electronics,1,116,116
608,1473,70,2024-08-30,Clothing,1,170,170
609,1116,72,2024-08-31,Beauty,3,1392,4176
610,1829,25,2024-09-01,Beauty,1,1448,1448
611,1790,82,2024-09-02,Beauty,1,1917,1917
612,1126,89,2024-09-03,Books,1,404,404
613,1392,12,2024-09-04,Home,4,1574,6296
614,1907,15,2024-09-05,Home,4,1130,4520
615,1640,59,2024-09-06,Electronics,3,1437,4311
616,1057,26,2024-09-07,Books,1,916,916
617,1633,26,2024-09-08,Beauty,4,1226,4904
618,1512,47,2024-09-09,Beauty,3,920,2760
619,1750,32,2024-09-10,Clothing,1,292,292
620,1801,10,2024-09-11,Clothing,2,1876,3752
621,1095,16,2024-09-12,Beauty,1,1697,1697
622,1637,71,2024-09-13,Beauty,1,628,628
623,1117,17,2024-09-14,Books,4,270,1080
624,1559,23,2024-09-15,Home,3,1660,4980
625,1600,26,2024-09-16,Clothing,3,350,1050
626,1487,85,2024-09-17,Home,4,1888,7552
627,1236,86,2024-09-18,Books,1,1510,1510
628,1884,7,2024-09-19,Beauty,2,1330,2660
629,1896,14,2024-09-20,Home,1,640,640
630,1271,79,2024-09-21,Beauty,1,1752,1752
631,1188,7,2024-09-22,Beauty,2,515,1030
632,1998,9,2024-09-23,Electronics,4,893,3572
633,1703,48,2024-09-24,Home,3,1503,4509
634,1446,72,2024-09-25,Home,4,1267,5068
635,1580,59,2024-09-26,Beauty,4,124,496
636,1789,87,2024-09-27,Books,1,1945,1945
637,1860,93,2024-09-28,Electronics,3,767,2301
638,1246,82,2024-09-29,Beauty,3,1196,3588
639,1962,95,2024-09-30,Clothing,4,731,2924
640,1075,94,2024-10-01,Clothing,2,1947,3894
641,1153,39,2024-10-02,Electronics,4,1956,7824
642,1655,99,2024-10-03,Books,2,1216,2432
643,1434,18,2024-10-04,Beauty,3,604,1812
644,1996,59,2024-10-05,Home,4,1721,6884
645,1085,17,2024-10-06,Electronics,1,435,435
646,1696,14,2024-10-07,Books,4,524,2096
647,1284,31,2024-10-08,Home,3,598,1794
648,1973,24,2024-10-09,Clothing,1,1487,1487
649,1219,99,2024-10-10,Clothing,1,1046,1046
650,1068,60,2024-10-11,Home,2,729,1458
651,1046,45,2024-10-12,Electronics,1,1868,1868
652,1093,98,2024-10-13,Clothing,1,1322,1322
653,1749,3,2024-10-14,Beauty,4,817,3268
654,1957,37,2024-10-15,Home,3,1536,4608
655,1452,43,2024-10-16,Home,2,438,876
656,1203,40,2024-10-17,Clothing,4,758,3032
657,1911,90,2024-10-18,Electronics,1,1061,1061
658,1217,55,2024-10-19,Beauty,1,528,528
659,1473,87,2024-10-20,Electronics,2,1906,3812
660,1431,39,2024-10-21,Books,3,998,2994
661,1340,15,2024-10-22,Books,2,238,476
662,1550,4,2024-10-23,Clothing,4,1816,7264
663,1611,93,2024-10-24,Clothing,2,1041,2082
664,1288,86,2024-10-25,Clothing,1,641,641
665,1253,25,2024-10-26,Books,4,156,624
666,1733,13,2024-10-27,Electronics,1,1355,1355
667,1356,82,2024-10-28,Electronics,3,757,2271
668,1022,33,2024-10-29,Clothing,1,534,534
669,1761,16,2024-10-30,Beauty,1,483,483
670,1521,42,2024-10-31,Electronics,2,659,1318
671,1757,66,2024-11-01,Books,1,293,293
672,1836,55,2024-11-02,Home,4,1859,7436
673,1099,99,2024-11-03,Home,4,1771,7084
674,1801,42,2024-11-04,Home,3,633,1899
675,1179,34,2024-11-05,Beauty,4,617,2468
676,1222,30,2024-11-06,Clothing,2,815,1630
677,1905,13,2024-11-07,Books,3,850,2550
678,1761,13,2024-11-08,Beauty,4,284,1136
679,1658,18,2024-11-09,Books,2,1995,3990
680,1441,32,2024-11-10,Books,4,391,1564
681,1607,96,2024-11-11,Clothing,4,1458,5832
682,1768,99,2024-11-12,Home,1,831,831
683,1324,39,2024-11-13,Clothing,4,215,860
684,1515,46,2024-11-14,Beauty,4,924,3696
685,1015,29,2024-11-15,Beauty,2,1172,2344
686,1791,62,2024-11-16,Beauty,2,784,1568
687,1335,93,2024-11-17,Clothing,1,181,181
688,1758,62,2024-11-18,Books,4,933,3732
689,1257,57,2024-11-19,Books,1,432,432
690,1496,16,2024-11-20,Electronics,4,656,2624
691,1987,56,2024-11-21,Beauty,3,434,1302
692,1895,10,2024-11-22,Books,3,631,1893
693,1159,30,2024-11-23,Electronics,1,320,320
694,1474,25,2024-11-24,Books,1,734,734
695,1851,84,2024-11-25,Beauty,1,1869,1869
696,1663,5,2024-11-26,Home,2,1856,3712
697,1907,65,2024-11-27,Beauty,2,422,844
698,1689,94,2024-11-28,Clothing,2,1974,3948
699,1674,49,2024-11-29,Books,1,102,102
700,1379,3,2024-11-30,Books,4,1817,7268
701,1544,45,2024-12-01,Clothing,3,305,915
702,1928,14,2024-12-02,Clothing,1,1955,1955
703,1956,30,2024-12-03,Home,2,139,278
704,1690,68,2024-12-04,Books,2,158,316
705,1426,18,2024-12-05,Books,1,1050,1050
706,1612,62,2024-12-06,Home,1,673,673
707,1267,37,2024-12-07,Electronics,2,743,1486
708,1834,25,2024-12-08,Home,4,1630,6520
709,1576,48,2024-12-09,Beauty,2,1695,3390
710,1416,65,2024-12-10,Books,2,942,1884
711,1167,53,2024-12-11,Clothing,1,1245,1245
712,1841,79,2024-12-12,Beauty,4,1602,6408
713,1042,73,2024-12-13,Books,2,718,1436
714,1555,15,2024-12-14,Home,2,195,390
715,1284,49,2024-12-15,Beauty,3,1982,5946
716,1396,88,2024-12-16,Books,1,1537,1537
717,1011,68,2024-12-17,Electronics,3,1358,4074
718,1606,12,2024-12-18,Electronics,3,997,2991
719,1301,59,2024-12-19,Clothing,2,1185,2370
720,1897,37,2024-12-20,Books,1,1379,1379
721,1252,61,2024-12-21,Electronics,4,660,2640
722,1498,43,2024-12-22,Home,2,1004,2008
723,1753,70,2024-12-23,Books,4,447,1788
724,1034,39,2024-12-24,Home,4,770,3080
725,1726,56,2024-12-25,Home,1,1247,1247
726,1848,63,2024-12-26,Electronics,3,1605,4815
727,1089,46,2024-12-27,Books,1,416,416
728,1775,88,2024-12-28,Beauty,4,1627,6508
729,1604,11,2024-12-29,Electronics,2,818,1636
730,1921,62,2024-12-30,Electronics,4,1171,4684
731,1969,77,2024-12-31,Books,2,1532,3064
732,1601,98,2025-01-01,Books,2,1259,2518
733,1417,25,2025-01-02,Home,1,1324,1324
734,1114,71,2025-01-03,Books,4,349,1396
735,1616,52,2025-01-04,Home,3,413,1239
736,1902,4,2025-01-05,Electronics,4,1992,7968
737,1195,59,2025-01-06,Clothing,4,1491,5964
738,1825,72,2025-01-07,Beauty,3,1552,4656
739,1500,20,2025-01-08,Electronics,1,1953,1953
740,1625,93,2025-01-09,Books,4,906,3624
741,1492,63,2025-01-10,Beauty,4,1603,6412
742,1074,54,2025-01-11,Clothing,2,1437,2874
743,1412,74,2025-01-12,Clothing,4,1623,6492
744,1375,98,2025-01-13,Home,3,1844,5532
745,1419,57,2025-01-14,Beauty,2,1478,2956
746,1728,90,2025-01-15,Home,1,584,584
747,1276,41,2025-01-16,Electronics,2,1334,2668
748,1760,3,2025-01-17,Beauty,3,1827,5481
749,1675,6,2025-01-18,Electronics,3,143,429
750,1393,5,2025-01-19,Home,2,1664,3328
751,1868,5,2025-01-20,Beauty,1,670,670
752,1456,54,2025-01-21,Home,2,682,1364
753,1919,47,2025-01-22,Beauty,1,1215,1215
754,1191,87,2025-01-23,Home,2,1388,2776
755,1738,49,2025-01-24,Clothing,3,994,2982
756,1688,9,2025-01-25,Home,4,319,1276
757,1098,99,2025-01-26,Clothing,4,1024,4096
758,1547,20,2025-01-27,Home,1,1565,1565
759,1977,61,2025-01-28,Beauty,1,500,500
760,1998,35,2025-01-29,Beauty,1,1523,1523
761,1095,50,2025-01-30,Beauty,3,826,2478
762,1663,82,2025-01-31,Books,2,1090,2180
763,1662,62,2025-02-01,Electronics,3,998,2994
764,1189,17,2025-02-02,Beauty,4,1912,7648
765,1735,88,2025-02-03,Clothing,1,1699,1699
766,1036,3,2025-02-04,Beauty,2,957,1914
767,1779,32,2025-02-05,Books,4,903,3612
768,1368,99,2025-02-06,Clothing,4,589,2356
769,1694,13,2025-02-07,Books,4,1608,6432
770,1524,89,2025-02-08,Clothing,3,1880,5640
771,1278,73,2025-02-09,Home,1,1593,1593
772,1216,68,2025-02-10,Electronics,4,1697,6788
773,1866,14,2025-02-11,Electronics,1,1037,1037
774,1872,98,2025-02-12,Books,3,943,2829
775,1797,11,2025-02-13,Electronics,4,1805,7220
776,1272,56,2025-02-14,Books,3,1568,4704
777,1880,67,2025-02-15,Books,3,1392,4176
778,1061,92,2025-02-16,Books,1,366,366
779,1595,29,2025-02-17,Electronics,4,153,612
780,1879,9,2025-02-18,Books,3,627,1881
781,1728,67,2025-02-19,Electronics,4,1643,6572
782,1341,25,2025-02-20,Books,1,715,715
783,1396,98,2025-02-21,Beauty,3,1182,3546
784,1698,76,2025-02-22,Books,1,1948,1948
785,1018,42,2025-02-23,Clothing,4,1163,4652
786,1176,9,2025-02-24,Books,4,1360,5440
787,1611,79,2025-02-25,Home,1,1054,1054
788,1395,40,2025-02-26,Books,2,485,970
789,1444,25,2025-02-27,Clothing,3,1729,5187
790,1232,5,2025-02-28,Clothing,4,833,3332
791,1914,11,2025-03-01,Electronics,4,815,3260
792,1075,59,2025-03-02,Beauty,3,749,2247
793,1264,98,2025-03-03,Books,1,399,399
794,1454,88,2025-03-04,Electronics,1,494,494
795,1795,79,2025-03-05,Beauty,1,1330,1330
796,1717,38,2025-03-06,Books,2,1459,2918
797,1734,72,2025-03-07,Home,2,692,1384
798,1383,5,2025-03-08,Books,4,1853,7412
799,1563,48,2025-03-09,Clothing,1,613,613
800,1850,90,2025-03-10,Clothing,3,1301,3903
801,1505,18,2025-03-11,Home,4,495,1980
802,1366,70,2025-03-12,Electronics,3,470,1410
803,1143,37,2025-03-13,Beauty,4,957,3828
804,1884,60,2025-03-14,Books,2,890,1780
805,1068,48,2025-03-15,Clothing,4,757,3028
806,1098,77,2025-03-16,Electronics,2,1441,2882
807,1395,28,2025-03-17,Home,4,835,3340
808,1024,69,2025-03-18,Clothing,1,1492,1492
809,1947,77,2025-03-19,Home,3,483,1449
810,1890,81,2025-03-20,Books,1,161,161
811,1468,40,2025-03-21,Beauty,4,1929,7716
812,1483,45,2025-03-22,Clothing,4,604,2416
813,1564,96,2025-03-23,Clothing,4,338,1352
814,1150,62,2025-03-24,Books,2,294,588
815,1143,93,2025-03-25,Electronics,3,777,2331
816,1568,58,2025-03-26,Beauty,3,1345,4035
817,1038,67,2025-03-27,Clothing,4,160,640
818,1108,56,2025-03-28,Beauty,4,1252,5008
819,1692,40,2025-03-29,Clothing,2,1089,2178
820,1041,98,2025-03-30,Beauty,1,784,784
821,1185,40,2025-03-31,Home,1,255,255
822,1934,91,2025-04-01,Clothing,3,1501,4503
823,1397,77,2025-04-02,Beauty,2,1745,3490
824,1222,33,2025-04-03,Electronics,4,1904,7616
825,1633,6,2025-04-04,Home,3,1022,3066
826,1132,88,2025-04-05,Home,2,967,1934
827,1162,19,2025-04-06,Electronics,1,1002,1002
828,1214,80,2025-04-07,Beauty,2,1913,3826
829,1732,40,2025-04-08,Books,1,1709,1709
830,1234,92,2025-04-09,Electronics,2,1098,2196
831,1842,97,2025-04-10,Beauty,3,1560,4680
832,1657,59,2025-04-11,Electronics,1,1074,1074
833,1750,59,2025-04-12,Electronics,3,1330,3990
834,1587,48,2025-04-13,Clothing,3,487,1461
835,1008,41,2025-04-14,Beauty,1,1603,1603
836,1073,13,2025-04-15,Books,1,1914,1914
837,1953,45,2025-04-16,Clothing,4,986,3944
838,1491,89,2025-04-17,Electronics,4,937,3748
839,1912,53,2025-04-18,Electronics,4,1463,5852
840,1252,42,2025-04-19,Electronics,3,1992,5976
841,1229,63,2025-04-20,Beauty,3,439,1317
842,1518,27,2025-04-21,Beauty,4,303,1212
843,1173,38,2025-04-22,Clothing,3,260,780
844,1652,60,2025-04-23,Books,3,1663,4989
845,1167,7,2025-04-24,Clothing,1,491,491
846,1169,5,2025-04-25,Home,1,868,868
847,1392,45,2025-04-26,Electronics,3,1800,5400
848,1945,58,2025-04-27,Electronics,4,674,2696
849,1794,31,2025-04-28,Electronics,2,633,1266
850,1633,23,2025-04-29,Clothing,4,1193,4772
851,1193,42,2025-04-30,Clothing,2,992,1984
852,1516,10,2025-05-01,Electronics,4,504,2016
853,1028,32,2025-05-02,Clothing,1,707,707
854,1164,53,2025-05-03,Beauty,3,1798,5394
855,1421,30,2025-05-04,Beauty,3,1714,5142
856,1338,39,2025-05-05,Clothing,1,1640,1640
857,1647,31,2025-05-06,Electronics,2,927,1854
858,1495,82,2025-05-07,Clothing,2,1243,2486
859,1364,2,2025-05-08,Clothing,2,1937,3874
860,1832,78,2025-05-09,Clothing,1,789,789
861,1341,77,2025-05-10,Home,2,1811,3622
862,1499,93,2025-05-11,Beauty,1,1001,1001
863,1656,12,2025-05-12,Books,4,1340,5360
864,1510,39,2025-05-13,Books,4,155,620
865,1326,66,2025-05-14,Home,1,465,465
866,1216,96,2025-05-15,Clothing,3,1822,5466
867,1300,13,2025-05-16,Home,4,1627,6508
868,1131,46,2025-05-17,Home,2,1867,3734
869,1803,27,2025-05-18,Electronics,1,1890,1890
870,1069,17,2025-05-19,Beauty,2,554,1108
871,1251,95,2025-05-20,Books,2,203,406
872,1414,98,2025-05-21,Clothing,3,176,528
873,1786,60,2025-05-22,Books,2,329,658
874,1444,64,2025-05-23,Books,3,1381,4143
875,1875,88,2025-05-24,Beauty,4,1387,5548
876,1181,35,2025-05-25,Books,1,430,430
877,1166,70,2025-05-26,Books,2,1305,2610
878,1090,83,2025-05-27,Home,1,992,992
879,1713,30,2025-05-28,Beauty,2,1891,3782
880,1857,71,2025-05-29,Electronics,1,1673,1673
881,1530,74,2025-05-30,Clothing,2,787,1574
882,1038,96,2025-05-31,Books,2,126,252
883,1125,98,2025-06-01,Clothing,2,1399,2798
884,1450,63,2025-06-02,Electronics,2,1775,3550
885,1172,28,2025-06-03,Clothing,2,398,796
886,1652,60,2025-06-04,Electronics,2,1056,2112
887,1753,79,2025-06-05,Home,2,898,1796
888,1219,94,2025-06-06,Books,2,1214,2428
889,1637,37,2025-06-07,Electronics,2,579,1158
890,1057,93,2025-06-08,Clothing,1,672,672
891,1659,22,2025-06-09,Books,3,557,1671
892,1475,68,2025-06-10,Home,2,1574,3148
893,1455,20,2025-06-11,Books,3,464,1392
894,1828,96,2025-06-12,Electronics,2,958,1916
895,1894,68,2025-06-13,Home,2,1798,3596
896,1360,91,2025-06-14,Clothing,1,450,450
897,1934,64,2025-06-15,Home,4,1778,7112
898,1000,17,2025-06-16,Home,4,1523,6092
899,1386,12,2025-06-17,Beauty,1,352,352
900,1972,22,2025-06-18,Home,3,880,2640
901,1347,17,2025-06-19,Home,4,902,3608
902,1189,10,2025-06-20,Books,1,1111,1111
903,1504,65,2025-06-21,Clothing,1,558,558
904,1190,22,2025-06-22,Books,4,1822,7288
905,1507,90,2025-06-23,Books,3,1016,3048
906,1368,82,2025-06-24,Electronics,1,598,598
907,1408,50,2025-06-25,Books,2,1049,2098
908,1823,14,2025-06-26,Beauty,3,607,1821
909,1928,64,2025-06-27,Beauty,3,1427,4281
910,1933,47,2025-06-28,Electronics,4,600,2400
911,1116,29,2025-06-29,Clothing,4,902,3608
912,1133,76,2025-06-30,Clothing,2,697,1394
913,1057,36,2025-07-01,Books,1,265,265
914,1555,99,2025-07-02,Books,4,1538,6152
915,1684,52,2025-07-03,Books,4,561,2244
916,1671,76,2025-07-04,Clothing,3,1019,3057
917,1172,7,2025-07-05,Home,4,213,852
918,1828,29,2025-07-06,Beauty,4,1556,6224
919,1814,11,2025-07-07,Home,4,1091,4364
920,1148,33,2025-07-08,Home,4,1479,5916
921,1079,6,2025-07-09,Clothing,3,1818,5454
922,1885,79,2025-07-10,Home,2,306,612
923,1212,32,2025-07-11,Electronics,2,1891,3782
924,1202,51,2025-07-12,Books,1,1358,1358
925,1763,75,2025-07-13,Electronics,4,1565,6260
926,1228,58,2025-07-14,Beauty,3,1478,4434
927,1675,87,2025-07-15,Books,1,614,614
928,1226,26,2025-07-16,Home,1,1331,1331
929,1658,98,2025-07-17,Beauty,2,808,1616
930,1531,46,2025-07-18,Books,3,1976,5928
931,1440,98,2025-07-19,Home,3,1248,3744
932,1401,29,2025-07-20,Electronics,3,237,711
933,1046,4,2025-07-21,Books,2,438,876
934,1232,81,2025-07-22,Home,2,636,1272
935,1304,99,2025-07-23,Electronics,2,167,334
936,1525,13,2025-07-24,Beauty,2,1696,3392
937,1142,39,2025-07-25,Beauty,2,1664,3328
938,1414,15,2025-07-26,Beauty,4,482,1928
939,1512,29,2025-07-27,Beauty,4,118,472
940,1372,29,2025-07-28,Clothing,3,782,2346
941,1565,75,2025-07-29,Books,1,1573,1573
942,1885,32,2025-07-30,Books,3,173,519
943,1258,2,2025-07-31,Clothing,1,672,672
944,1655,47,2025-08-01,Home,2,1038,2076
945,1470,78,2025-08-02,Home,1,1788,1788
946,1952,84,2025-08-03,Beauty,3,1399,4197
947,1970,22,2025-08-04,Electronics,3,1171,3513
948,1011,75,2025-08-05,Home,1,310,310
949,1329,27,2025-08-06,Electronics,4,954,3816
950,1735,67,2025-08-07,Books,2,750,1500
951,1783,81,2025-08-08,Electronics,2,1745,3490
952,1967,56,2025-08-09,Books,3,1093,3279
953,1357,92,2025-08-10,Clothing,4,794,3176
954,1971,93,2025-08-11,Clothing,1,639,639
955,1407,21,2025-08-12,Beauty,2,1832,3664
956,1667,47,2025-08-13,Home,4,1314,5256
957,1372,80,2025-08-14,Beauty,2,1438,2876
958,1007,59,2025-08-15,Books,4,1000,4000
959,1121,84,2025-08-16,Beauty,4,1686,6744
960,1347,6,2025-08-17,Electronics,3,1784,5352
961,1675,19,2025-08-18,Books,2,879,1758
962,1089,57,2025-08-19,Clothing,1,1685,1685
963,1647,69,2025-08-20,Home,3,1881,5643
964,1697,3,2025-08-21,Books,3,1236,3708
965,1315,1,2025-08-22,Books,1,269,269
966,1177,58,2025-08-23,Electronics,3,1591,4773
967,1539,38,2025-08-24,Home,4,1801,7204
968,1731,15,2025-08-25,Clothing,4,1137,4548
969,1868,34,2025-08-26,Books,2,1838,3676
970,1040,61,2025-08-27,Books,2,387,774
971,1739,35,2025-08-28,Electronics,1,288,288
972,1703,64,2025-08-29,Beauty,2,1013,2026
973,1922,25,2025-08-30,Clothing,4,1278,5112
974,1501,24,2025-08-31,Home,1,1690,1690
975,1958,12,2025-09-01,Books,1,793,793
976,1144,18,2025-09-02,Books,2,1845,3690
977,1200,15,2025-09-03,Clothing,4,987,3948
978,1928,80,2025-09-04,Beauty,1,570,570
979,1723,27,2025-09-05,Books,4,1198,4792
980,1460,72,2025-09-06,Clothing,4,376,1504
981,1731,60,2025-09-07,Electronics,4,1039,4156
982,1751,46,2025-09-08,Beauty,2,1768,3536
983,1924,89,2025-09-09,Home,3,1466,4398
984,1908,17,2025-09-10,Books,3,1548,4644
985,1557,93,2025-09-11,Clothing,1,670,670
986,1546,53,2025-09-12,Electronics,4,1634,6536
987,1252,8,2025-09-13,Home,2,956,1912
988,1389,79,2025-09-14,Clothing,4,1100,4400
989,1593,27,2025-09-15,Clothing,4,1305,5220
990,1882,46,2025-09-16,Home,2,557,1114
991,1255,50,2025-09-17,Electronics,3,1017,3051
992,1708,71,2025-09-18,Electronics,4,1974,7896
993,1814,3,2025-09-19,Beauty,4,932,3728
994,1920,93,2025-09-20,Books,3,1187,3561
995,1449,64,2025-09-21,Home,2,938,1876
996,1009,44,2025-09-22,Home,1,1383,1383
997,1823,53,2025-09-23,Home,3,292,876
998,1797,24,2025-09-24,Electronics,1,1778,1778
999,1241,60,2025-09-25,Books,1,715,715
1000,1250,3,2025-09-26,Beauty,3,505,1515
1001,1876,20,2025-09-27,Clothing,4,1849,7396
1002,1004,46,2025-09-28,Clothing,1,1877,1877
1003,1118,15,2025-09-29,Home,1,1042,1042
1004,1800,25,2025-09-30,Books,2,820,1640
1005,1373,94,2025-10-01,Electronics,4,192,768
1006,1064,78,2025-10-02,Books,1,529,529
1007,1145,71,2025-10-03,Books,2,753,1506
1008,1223,17,2025-10-04,Electronics,4,1557,6228
1009,1238,84,2025-10-05,Home,3,1527,4581
1010,1176,9,2025-10-06,Books,3,533,1599
1011,1778,38,2025-10-07,Clothing,2,1235,2470
1012,1852,48,2025-10-08,Electronics,3,474,1422
1013,1281,60,2025-10-09,Beauty,1,1182,1182
1014,1062,63,2025-10-10,Home,4,1166,4664
1015,1216,86,2025-10-11,Electronics,1,306,306
1016,1853,2,2025-10-12,Beauty,1,879,879
1017,1826,88,2025-10-13,Beauty,3,1419,4257
1018,1794,72,2025-10-14,Books,1,1241,1241
1019,1688,11,2025-10-15,Books,3,631,1893
1020,1460,64,2025-10-16,Books,4,1345,5380
1021,1928,77,2025-10-17,Electronics,4,265,1060
1022,1609,81,2025-10-18,Electronics,1,742,742
1023,1104,72,2025-10-19,Home,2,1279,2558
1024,1098,21,2025-10-20,Books,3,1307,3921
1025,1510,18,2025-10-21,Beauty,3,189,567
1026,1384,94,2025-10-22,Clothing,1,1217,1217
1027,1404,64,2025-10-23,Home,3,112,336
1028,1822,82,2025-10-24,Electronics,3,1072,3216
1029,1517,95,2025-10-25,Home,2,1957,3914
1030,1475,38,2025-10-26,Home,2,904,1808
1031,1976,32,2025-10-27,Home,1,1044,1044
1032,1708,11,2025-10-28,Home,2,841,1682
1033,1862,45,2025-10-29,Clothing,1,1957,1957
1034,1644,89,2025-10-30,Books,4,1927,7708
1035,1869,33,2025-10-31,Beauty,1,1561,1561
1036,1770,41,2025-11-01,Home,4,1661,6644
1037,1436,8,2025-11-02,Home,1,1710,1710
1038,1022,11,2025-11-03,Home,3,975,2925
1039,1996,86,2025-11-04,Books,2,1934,3868
1040,1564,51,2025-11-05,Electronics,4,1273,5092
1041,1676,88,2025-11-06,Electronics,1,759,759
1042,1713,41,2025-11-07,Clothing,2,1131,2262
1043,1457,17,2025-11-08,Electronics,1,1152,1152
1044,1082,76,2025-11-09,Home,2,395,790
1045,1144,46,2025-11-10,Home,2,1085,2170
1046,1084,32,2025-11-11,Home,1,1025,1025
1047,1077,79,2025-11-12,Clothing,4,1844,7376
1048,1456,80,2025-11-13,Home,4,739,2956
1049,1877,54,2025-11-14,Electronics,3,439,1317
1050,1000,86,2025-11-15,Books,2,727,1454
1051,1050,92,2025-11-16,Books,3,538,1614
1052,1684,20,2025-11-17,Beauty,3,1267,3801
1053,1716,33,2025-11-18,Electronics,1,1041,1041
1054,1771,74,2025-11-19,Home,1,929,929
1055,1445,40,2025-11-20,Books,1,1870,1870
1056,1448,32,2025-11-21,Electronics,2,618,1236
1057,1880,97,2025-11-22,Books,1,1075,1075
1058,1487,2,2025-11-23,Home,1,1168,1168
1059,1799,97,2025-11-24,Books,2,1054,2108
1060,1033,33,2025-11-25,Beauty,2,1362,2724
1061,1347,77,2025-11-26,Beauty,4,1051,4204
1062,1094,30,2025-11-27,Books,1,1043,1043
1063,1071,33,2025-11-28,Electronics,1,254,254
1064,1550,77,2025-11-29,Electronics,1,1304,1304
1065,1153,26,2025-11-30,Electronics,4,1338,5352
1066,1249,22,2025-12-01,Books,1,187,187
1067,1673,66,2025-12-02,Electronics,4,1379,5516
1068,1437,38,2025-12-03,Home,3,1634,4902
1069,1117,90,2025-12-04,Beauty,4,1196,4784
1070,1770,46,2025-12-05,Home,3,1030,3090
1071,1890,15,2025-12-06,Electronics,1,278,278
1072,1305,98,2025-12-07,Home,3,311,933
1073,1267,44,2025-12-08,Electronics,4,1928,7712
1074,1960,49,2025-12-09,Books,2,1357,2714
1075,1053,75,2025-12-10,Home,3,564,1692
1076,1235,61,2025-12-11,Books,3,1874,5622
1077,1388,67,2025-12-12,Books,1,1346,1346
1078,1989,6,2025-12-13,Clothing,4,730,2920
1079,1733,9,2025-12-14,Electronics,3,924,2772
1080,1762,6,2025-12-15,Beauty,3,1387,4161
1081,1824,73,2025-12-16,Electronics,3,1330,3990
1082,1400,95,2025-12-17,Beauty,3,706,2118
1083,1623,32,2025-12-18,Electronics,2,984,1968
1084,1766,41,2025-12-19,Books,4,1857,7428
1085,1302,76,2025-12-20,Home,1,465,465
1086,1918,8,2025-12-21,Home,1,375,375
1087,1206,72,2025-12-22,Clothing,2,479,958
1088,1228,50,2025-12-23,Beauty,4,1866,7464
1089,1852,92,2025-12-24,Beauty,3,1432,4296
1090,1909,62,2025-12-25,Beauty,2,1754,3508
1091,1577,84,2025-12-26,Books,4,1391,5564
1092,1074,62,2025-12-27,Beauty,3,1044,3132
1093,1434,7,2025-12-28,Home,2,1908,3816
1094,1102,75,2025-12-29,Books,4,1187,4748
1095,1421,84,2025-12-30,Electronics,1,909,909
1096,1703,80,2025-12-31,Beauty,1,1473,1473
1097,1763,4,2026-01-01,Beauty,4,1024,4096
1098,1737,6,2026-01-02,Electronics,1,593,593
1099,1805,58,2026-01-03,Beauty,4,1646,6584
1100,1305,22,2026-01-04,Electronics,3,1221,3663
1101,1097,26,2026-01-05,Books,4,1194,4776
1102,1849,3,2026-01-06,Home,3,463,1389
1103,1797,41,2026-01-07,Electronics,2,669,1338
1104,1334,60,2026-01-08,Clothing,4,1925,7700
1105,1858,14,2026-01-09,Electronics,2,862,1724
1106,1434,75,2026-01-10,Beauty,1,375,375
1107,1446,82,2026-01-11,Books,3,149,447
1108,1993,12,2026-01-12,Books,4,1481,5924
1109,1307,87,2026-01-13,Electronics,2,827,1654
1110,1248,12,2026-01-14,Home,3,1005,3015
1111,1165,13,2026-01-15,Clothing,3,1027,3081
1112,1480,25,2026-01-16,Books,1,663,663
1113,1983,45,2026-01-17,Beauty,1,882,882
1114,1334,19,2026-01-18,Beauty,3,584,1752
1115,1541,55,2026-01-19,Home,3,1207,3621
1116,1758,45,2026-01-20,Books,4,1928,7712
1117,1105,8,2026-01-21,Electronics,3,1761,5283
1118,1562,93,2026-01-22,Beauty,4,1931,7724
1119,1080,53,2026-01-23,Home,3,683,2049
1120,1132,55,2026-01-24,Books,1,1419,1419
1121,1796,32,2026-01-25,Books,4,335,1340
1122,1899,51,2026-01-26,Books,2,155,310
1123,1137,44,2026-01-27,Books,1,459,459
1124,1183,82,2026-01-28,Books,4,209,836
1125,1400,70,2026-01-29,Beauty,4,291,1164
1126,1329,18,2026-01-30,Home,2,1003,2006
1127,1784,83,2026-01-31,Books,4,1216,4864
1128,1507,22,2026-02-01,Clothing,3,961,2883
1129,1851,37,2026-02-02,Clothing,2,667,1334
1130,1983,96,2026-02-03,Home,1,1183,1183
1131,1068,56,2026-02-04,Electronics,1,749,749
1132,1545,59,2026-02-05,Electronics,3,138,414
1133,1773,3,2026-02-06,Electronics,1,1663,1663
1134,1052,28,2026-02-07,Clothing,4,1172,4688
1135,1449,74,2026-02-08,Electronics,4,1543,6172
1136,1204,35,2026-02-09,Beauty,3,736,2208
1137,1125,61,2026-02-10,Books,1,1136,1136
1138,1746,93,2026-02-11,Clothing,1,135,135
1139,1042,54,2026-02-12,Home,3,200,600
1140,1751,63,2026-02-13,Home,2,1917,3834
1141,1970,79,2026-02-14,Books,1,1209,1209
1142,1882,97,2026-02-15,Clothing,2,1639,3278
1143,1110,7,2026-02-16,Electronics,1,1346,1346
1144,1760,76,2026-02-17,Electronics,1,1461,1461
1145,1662,49,2026-02-18,Beauty,1,265,265
1146,1182,94,2026-02-19,Beauty,1,482,482
1147,1847,85,2026-02-20,Electronics,4,1979,7916
1148,1094,31,2026-02-21,Home,2,1499,2998
1149,1970,58,2026-02-22,Home,2,1594,3188
1150,1373,61,2026-02-23,Beauty,1,889,889
1151,1911,24,2026-02-24,Books,1,1765,1765
1152,1519,20,2026-02-25,Electronics,2,130,260
1153,1899,37,2026-02-26,Beauty,4,1498,5992
1154,1359,4,2026-02-27,Beauty,3,110,330
1155,1899,92,2026-02-28,Electronics,3,1425,4275
1156,1695,20,2026-03-01,Electronics,2,195,390
1157,1280,60,2026-03-02,Home,1,1313,1313
1158,1194,24,2026-03-03,Books,1,552,552
1159,1863,50,2026-03-04,Books,4,291,1164
1160,1194,49,2026-03-05,Electronics,3,585,1755
1161,1666,51,2026-03-06,Clothing,4,1389,5556
1162,1092,96,2026-03-07,Beauty,3,1547,4641
1163,1671,36,2026-03-08,Beauty,2,1251,2502
1164,1945,98,2026-03-09,Electronics,3,337,1011
1165,1060,66,2026-03-10,Clothing,4,1478,5912
1166,1633,79,2026-03-11,Home,4,1235,4940
1167,1050,34,2026-03-12,Electronics,4,1951,7804
1168,1402,36,2026-03-13,Electronics,2,1569,3138
1169,1788,6,2026-03-14,Beauty,3,1466,4398
1170,1004,39,2026-03-15,Electronics,3,1268,3804
1171,1465,42,2026-03-16,Electronics,4,1188,4752
1172,1603,58,2026-03-17,Electronics,3,1370,4110
1173,1681,12,2026-03-18,Beauty,1,834,834
1174,1828,3,2026-03-19,Home,1,1090,1090
1175,1533,18,2026-03-20,Home,1,1613,1613
1176,1404,40,2026-03-21,Electronics,3,924,2772
1177,1837,21,2026-03-22,Beauty,2,1562,3124
1178,1512,15,2026-03-23,Home,2,205,410
1179,1644,97,2026-03-24,Home,2,280,560
1180,1232,99,2026-03-25,Home,2,283,566
1181,1523,26,2026-03-26,Beauty,1,325,325
1182,1345,8,2026-03-27,Beauty,1,876,876
1183,1045,94,2026-03-28,Electronics,4,889,3556
1184,1545,87,2026-03-29,Books,3,1212,3636
1185,1944,42,2026-03-30,Home,3,787,2361
1186,1077,44,2026-03-31,Books,2,629,1258
1187,1729,14,2026-04-01,Beauty,1,1494,1494
1188,1812,78,2026-04-02,Beauty,2,1071,2142
1189,1922,2,2026-04-03,Beauty,4,1035,4140
1190,1072,37,2026-04-04,Books,3,1522,4566
1191,1793,69,2026-04-05,Beauty,3,205,615
1192,1248,38,2026-04-06,Electronics,2,1394,2788
1193,1046,41,2026-04-07,Beauty,4,930,3720
1194,1120,62,2026-04-08,Clothing,3,1626,4878
1195,1213,60,2026-04-09,Books,4,778,3112
1196,1238,14,2026-04-10,Clothing,4,1648,6592
1197,1055,89,2026-04-11,Beauty,2,948,1896
1198,1349,84,2026-04-12,Electronics,1,1155,1155
1199,1106,2,2026-04-13,Home,2,492,984
1200,1830,70,2026-04-14,Beauty,1,139,139
